# Note that the css selectors have colons and need to be escaped for the selector to be found correctly.  Additionally, the city is chosen from a drop down, and the state is not selectable.

contact_form:
  steps:
    - visit: "https://new-hampshire.secure.force.com/support/GOV_Opinion"
    - fill_in:
        - name: "j_id0:j_id2:j_id10:firstName"
          selector: "#j_id0\\:j_id2\\:j_id10\\:firstName"
          value: $NAME_FIRST
          required: true
        - name: "j_id0:j_id2:j_id10:contactLastName"
          selector: "#j_id0\\:j_id2\\:j_id10\\:contactLastName"
          value: $NAME_LAST
          required: true
        - name: "j_id0:j_id2:j_id10:organizerStreetAddress"
          selector: "#j_id0\\:j_id2\\:j_id10\\:organizerStreetAddress"
          value: $ADDRESS_STREET
          required: true
    - select:
        - name: "j_id0:j_id2:j_id10:city"
          selector: "#j_id0\\:j_id2\\:j_id10\\:city"
          value: $ADDRESS_CITY
          required: true
          options:
            "Acworth": "Acworth"
            "Albany": "Albany"
            "Alexandria": "Alexandria"
            "Allenstown": "Allenstown"
            "Alstead": "Alstead"
            "Alton": "Alton"
            "Amherst": "Amherst"
            "Andover": "Andover"
            "Antrim": "Antrim"
            "Ashland": "Ashland"
            "Atkinson": "Atkinson"
            "Atkinson and Gilmanton Academy Grant": "Atkinson and Gilmanton Academy Grant"
            "Auburn": "Auburn"
            "Barnstead": "Barnstead"
            "Barrington": "Barrington"
            "Bartlett": "Bartlett"
            "Bath": "Bath"
            "Bean’s Grant": "Bean’s Grant"
            "Bean’s Purchase": "Bean’s Purchase"
            "Bedford": "Bedford"
            "Belmont": "Belmont"
            "Bennington": "Bennington"
            "Benton": "Benton"
            "Berlin": "Berlin"
            "Bethlehem": "Bethlehem"
            "Boscawen": "Boscawen"
            "Bow": "Bow"
            "Bradford": "Bradford"
            "Brentwood": "Brentwood"
            "Bridgewater Bristol": "Bridgewater Bristol"
            "Brookfield": "Brookfield"
            "Brookline": "Brookline"
            "Cambridge": "Cambridge"
            "Campton": "Campton"
            "Canaan": "Canaan"
            "Candia": "Candia"
            "Canterbury": "Canterbury"
            "Carroll": "Carroll"
            "Center Harbor": "Center Harbor"
            "Chandler’s Purchase": "Chandler’s Purchase"
            "Charlestown": "Charlestown"
            "Chatham": "Chatham"
            "Chester": "Chester"
            "Chesterfield": "Chesterfield"
            "Chichester": "Chichester"
            "Claremont": "Claremont"
            "Clarksville": "Clarksville"
            "Colebrook": "Colebrook"
            "Columbia": "Columbia"
            "Concord": "Concord"
            "Conway": "Conway"
            "Cornish": "Cornish"
            "Crawford’s Purchase": "Crawford’s Purchase"
            "Croydon": "Croydon"
            "Cutt’s Grant": "Cutt’s Grant"
            "Dalton": "Dalton"
            "Danbury": "Danbury"
            "Danville": "Danville"
            "Deerfield": "Deerfield"
            "Deering": "Deering"
            "Derry": "Derry"
            "Dix’s Grant": "Dix’s Grant"
            "Dixville": "Dixville"
            "Dorchester": "Dorchester"
            "Dover": "Dover"
            "Dublin": "Dublin"
            "Dummer": "Dummer"
            "Dunbarton": "Dunbarton"
            "Durham": "Durham"
            "East Kingston": "East Kingston"
            "Easton": "Easton"
            "Eaton": "Eaton"
            "Effingham": "Effingham"
            "Ellsworth": "Ellsworth"
            "Enfield": "Enfield"
            "Epping": "Epping"
            "Epsom": "Epsom"
            "Errol": "Errol"
            "Erving’s Location": "Erving’s Location"
            "Exeter": "Exeter"
            "Farmington": "Farmington"
            "Fitzwilliam": "Fitzwilliam"
            "Francestown": "Francestown"
            "Franconia": "Franconia"
            "Franklin": "Franklin"
            "Freedom": "Freedom"
            "Fremont": "Fremont"
            "Gilford": "Gilford"
            "Gilmanton": "Gilmanton"
            "Gilsum": "Gilsum"
            "Goffstown": "Goffstown"
            "Gorham": "Gorham"
            "Goshen": "Goshen"
            "Grafton": "Grafton"
            "Grantham": "Grantham"
            "Green’s Grant": "Green’s Grant"
            "Greenfield": "Greenfield"
            "Greenland": "Greenland"
            "Greenville": "Greenville"
            "Groton": "Groton"
            "Hadley’s Purchase": "Hadley’s Purchase"
            "Hale’s Location": "Hale’s Location"
            "Hampstead": "Hampstead"
            "Hampton": "Hampton"
            "Hampton Falls": "Hampton Falls"
            "Hancock": "Hancock"
            "Hanover": "Hanover"
            "Harrisville": "Harrisville"
            "Hart's Location": "Hart's Location"
            "Haverhill": "Haverhill"
            "Hebron": "Hebron"
            "Henniker": "Henniker"
            "Hill": "Hill"
            "Hillsborough": "Hillsborough"
            "Hinsdale": "Hinsdale"
            "Holderness": "Holderness"
            "Hollis": "Hollis"
            "Hooksett": "Hooksett"
            "Hopkinton": "Hopkinton"
            "Hudson": "Hudson"
            "Jackson": "Jackson"
            "Jaffrey": "Jaffrey"
            "Jefferson": "Jefferson"
            "Keene": "Keene"
            "Kensington": "Kensington"
            "Kilkenny": "Kilkenny"
            "Kingston": "Kingston"
            "Laconia": "Laconia"
            "Lancaster": "Lancaster"
            "Landaff": "Landaff"
            "Langdon": "Langdon"
            "Lebanon": "Lebanon"
            "Lee": "Lee"
            "Lempster": "Lempster"
            "Lincoln": "Lincoln"
            "Lisbon": "Lisbon"
            "Litchfield": "Litchfield"
            "Littleton": "Littleton"
            "Livermore": "Livermore"
            "Londonderry": "Londonderry"
            "Loudon": "Loudon"
            "Low and Burbank’s Grant": "Low and Burbank’s Grant"
            "Lyman": "Lyman"
            "Lyme": "Lyme"
            "Lyndeborough": "Lyndeborough"
            "Madbury": "Madbury"
            "Madison": "Madison"
            "Manchester": "Manchester"
            "Marlborough": "Marlborough"
            "Marlow": "Marlow"
            "Martin’s Location": "Martin’s Location"
            "Mason": "Mason"
            "Meredith": "Meredith"
            "Merrimack": "Merrimack"
            "Middleton": "Middleton"
            "Milan": "Milan"
            "Milford": "Milford"
            "Millsfield": "Millsfield"
            "Milton": "Milton"
            "Monroe": "Monroe"
            "Mont Vernon": "Mont Vernon"
            "Moultonborough": "Moultonborough"
            "Nashua": "Nashua"
            "Nelson": "Nelson"
            "New Boston": "New Boston"
            "New Castle": "New Castle"
            "New Durham": "New Durham"
            "New Hampton": "New Hampton"
            "New Ipswich": "New Ipswich"
            "New London": "New London"
            "Newbury": "Newbury"
            "Newfields": "Newfields"
            "Newington": "Newington"
            "Newmarket": "Newmarket"
            "Newport": "Newport"
            "Newton": "Newton"
            "North Hampton": "North Hampton"
            "Northfield": "Northfield"
            "Northumberland": "Northumberland"
            "Northwood": "Northwood"
            "Nottingham": "Nottingham"
            "Odell": "Odell"
            "Orange": "Orange"
            "Orford": "Orford"
            "Ossipee": "Ossipee"
            "Pelham": "Pelham"
            "Pembroke": "Pembroke"
            "Peterborough": "Peterborough"
            "Piermont": "Piermont"
            "Pinkham’s Grant": "Pinkham’s Grant"
            "Pittsburg": "Pittsburg"
            "Pittsfield": "Pittsfield"
            "Plainfield": "Plainfield"
            "Plaistow": "Plaistow"
            "Plymouth": "Plymouth"
            "Portsmouth": "Portsmouth"
            "Randolph": "Randolph"
            "Raymond": "Raymond"
            "Richmond": "Richmond"
            "Rindge": "Rindge"
            "Rochester": "Rochester"
            "Rollinsford": "Rollinsford"
            "Roxbury": "Roxbury"
            "Rumney": "Rumney"
            "Rye": "Rye"
            "Salem": "Salem"
            "Salisbury": "Salisbury"
            "Sanbornton": "Sanbornton"
            "Sandown": "Sandown"
            "Sandwich": "Sandwich"
            "Sargent’s Purchase": "Sargent’s Purchase"
            "Seabrook": "Seabrook"
            "Second College Grant": "Second College Grant"
            "Sharon": "Sharon"
            "Shelburne": "Shelburne"
            "Somersworth": "Somersworth"
            "South Hampton": "South Hampton"
            "Springfield": "Springfield"
            "Stark": "Stark"
            "Stewartstown": "Stewartstown"
            "Stoddard": "Stoddard"
            "Strafford": "Strafford"
            "Stratford": "Stratford"
            "Stratham": "Stratham"
            "Success": "Success"
            "Sugar Hill": "Sugar Hill"
            "Sullivan": "Sullivan"
            "Sunapee": "Sunapee"
            "Surry": "Surry"
            "Sutton": "Sutton"
            "Swanzey": "Swanzey"
            "Tamworth": "Tamworth"
            "Temple": "Temple"
            "Thompson and Meserve’s Purchase": "Thompson and Meserve’s Purchase"
            "Thornton": "Thornton"
            "Tilton": "Tilton"
            "Troy": "Troy"
            "Tuftonboro": "Tuftonboro"
            "Unity": "Unity"
            "Wakefield": "Wakefield"
            "Walpole": "Walpole"
            "Warner": "Warner"
            "Warren": "Warren"
            "Washington": "Washington"
            "Waterville Valley": "Waterville Valley"
            "Weare": "Weare"
            "Webster": "Webster"
            "Wentworth": "Wentworth"
            "Wentworth’s Location": "Wentworth’s Location"
            "Westmoreland": "Westmoreland"
            "Whitefield": "Whitefield"
            "Wilmot": "Wilmot"
            "Wilton": "Wilton"
            "Winchester": "Winchester"
            "Windham": "Windham"
            "Windsor": "Windsor"
            "Wolfeboro": "Wolfeboro"
            "Woodstock": "Woodstock"
    - fill_in:
        - name: "j_id0:j_id2:j_id10:postalCode"
          selector: "#j_id0\\:j_id2\\:j_id10\\:postalCode"
          value: $ADDRESS_ZIP5
          required: true
    - select:
        - name: "j_id0:j_id2:j_id10:j_id29"
          selector: "select[name='j_id0:j_id2:j_id10:County'][class='oCounty']"
          value: $ADDRESS_COUNTY
          required: true
          options:
            "Belknap": "Belknap"
            "Carroll": "Carroll"
            "Cheshire": "Cheshire"
            "Coos": "Coos"
            "Grafton": "Grafton"
            "Hillsborough": "Hillsborough"
            "Merrimack": "Merrimack"
            "Rockingham": "Rockingham"
            "Strafford": "Strafford"
            "Sullivan": "Sullivan"
    - fill_in:
        - name: "j_id0:j_id2:j_id10:organizerPhone"
          selector: "#j_id0\\:j_id2\\:j_id10\\:organizerPhone"
          value: $PHONE_DIGITS_ONLY
          required: true
        - name: "j_id0:j_id2:j_id10:organizerEmail"
          selector: "#j_id0\\:j_id2\\:j_id10\\:organizerEmail"
          value: "$EMAIL"
          required: true
    - select:
        - name: "j_id0:j_id2:j_id10:correspondenceReq"
          selector: "#j_id0\\:j_id2\\:j_id10\\:correspondenceReq"
          value: "Yes"
          required: true
          options:
            "Yes": "Yes"
            "No": "No"
    - fill_in:
        - name: "j_id0:j_id2:j_id10:comment"
          selector: "#j_id0\\:j_id2\\:j_id10\\:comment"
          value: $MESSAGE
          required: true
    - click_on:
        - value: "Submit Request"
          selector: "input[type='submit'][name='j_id0:j_id2:j_id10:j_id73']"
  success:
    body:
      contains: "Your request has been submitted"
